umblats,umblongitude
45.357883,-68.5691538
34.1076569,-86.503546
33.9269743,-86.3442893